timestamp,value
2023-05-16T19:01:55Z,31.5
2023-05-16T19:02:16Z,30.7
2023-05-16T19:02:37Z,31.0
2023-05-16T19:02:57Z,31.5
2023-05-16T19:03:17Z,31.0
2023-05-16T19:03:38Z,30.1
2023-05-16T19:03:58Z,30.5
2023-05-16T19:04:22Z,31.7
2023-05-16T19:04:44Z,31.5
2023-05-16T19:05:06Z,30.5
2023-05-16T19:05:28Z,31.7
2023-05-16T19:05:50Z,31.0
2023-05-16T19:06:12Z,30.5
2023-05-16T19:06:33Z,30.3
2023-05-16T19:06:53Z,29.1
2023-05-16T19:07:13Z,30.3
2023-05-16T19:07:35Z,30.3
2023-05-16T19:07:59Z,28.7
2023-05-16T19:08:22Z,29.9
2023-05-16T19:08:45Z,29.4
2023-05-16T19:09:07Z,30.3
2023-05-16T19:09:30Z,30.2
2023-05-16T19:09:50Z,30.3
2023-05-16T19:10:10Z,28.7
2023-05-16T19:10:31Z,30.1
2023-05-16T19:10:51Z,28.7
2023-05-16T19:11:12Z,31.0
2023-05-16T19:11:32Z,29.4
2023-05-16T19:11:55Z,30.2
2023-05-16T19:12:18Z,30.4
2023-05-16T19:12:40Z,31.0
2023-05-16T19:13:01Z,30.0
2023-05-16T19:13:22Z,30.7
2023-05-16T19:13:42Z,30.0
2023-05-16T19:14:02Z,30.0
2023-05-16T19:14:22Z,30.1
2023-05-16T19:14:42Z,30.4
2023-05-16T19:15:02Z,30.0
2023-05-16T19:15:23Z,30.2
2023-05-16T19:15:43Z,28.7
2023-05-16T19:16:04Z,28.9
2023-05-16T19:16:24Z,29.0
2023-05-16T19:16:45Z,28.9
2023-05-16T19:17:05Z,30.0
2023-05-16T19:17:26Z,29.7
2023-05-16T19:17:46Z,30.3
2023-05-16T19:18:06Z,30.0
2023-05-16T19:18:26Z,28.9
2023-05-16T19:18:46Z,29.7
2023-05-16T19:19:06Z,28.7
2023-05-16T19:19:27Z,28.9
2023-05-16T19:19:47Z,30.5
2023-05-16T19:20:08Z,31.0
2023-05-16T19:20:29Z,28.5
2023-05-16T19:20:49Z,30.5
2023-05-16T19:21:09Z,30.5
2023-05-16T19:21:29Z,31.0
2023-05-16T19:21:50Z,31.0
2023-05-16T19:22:10Z,31.0
2023-05-16T19:22:30Z,28.5
2023-05-16T19:22:53Z,30.4
2023-05-16T19:23:17Z,30.9
2023-05-16T19:23:38Z,30.4
2023-05-16T19:24:01Z,29.9
2023-05-16T19:24:24Z,30.1
2023-05-16T19:24:46Z,30.9
2023-05-16T19:25:06Z,31.0
2023-05-16T19:25:26Z,30.9
2023-05-16T19:25:47Z,31.4
2023-05-16T19:26:07Z,29.6
2023-05-16T19:26:28Z,30.5
2023-05-16T19:26:48Z,31.4
2023-05-16T19:27:08Z,29.6
2023-05-16T19:27:28Z,30.1
2023-05-16T19:27:49Z,29.6
2023-05-16T19:28:12Z,29.8
2023-05-16T19:28:34Z,29.5
2023-05-16T19:28:57Z,29.8
2023-05-16T19:29:20Z,30.0
2023-05-16T19:29:43Z,30.5
2023-05-16T19:30:05Z,30.8
2023-05-16T19:30:27Z,29.8
2023-05-16T19:30:50Z,29.8
2023-05-16T19:31:12Z,29.8
2023-05-16T19:31:32Z,29.8
2023-05-16T19:31:52Z,29.8
2023-05-16T19:32:12Z,30.0
2023-05-16T19:32:32Z,29.8
2023-05-16T19:32:53Z,27.0
2023-05-16T19:33:13Z,27.0
2023-05-16T19:33:33Z,29.5
2023-05-16T19:33:54Z,29.6
2023-05-16T19:34:15Z,29.2
2023-05-16T19:34:35Z,27.0
2023-05-16T19:34:55Z,27.0
2023-05-16T19:35:15Z,28.9
2023-05-16T19:35:35Z,29.2
2023-05-16T19:35:55Z,29.5
2023-05-16T19:36:15Z,29.5
2023-05-16T19:36:35Z,29.5
2023-05-16T19:36:59Z,28.9
2023-05-16T19:37:22Z,29.2
2023-05-16T19:37:44Z,29.4
2023-05-16T19:38:04Z,28.9
2023-05-16T19:38:24Z,29.2
2023-05-16T19:38:44Z,28.9
2023-05-16T19:39:04Z,28.9
2023-05-16T19:39:24Z,28.6
2023-05-16T19:39:44Z,29.3
2023-05-16T19:40:05Z,29.6
2023-05-16T19:40:25Z,28.6
2023-05-16T19:40:45Z,28.6
2023-05-16T19:41:05Z,28.6
2023-05-16T19:41:25Z,28.6
2023-05-16T19:41:47Z,29.3
2023-05-16T19:42:10Z,28.6
2023-05-16T19:42:36Z,28.8
2023-05-16T19:43:00Z,29.3
2023-05-16T19:43:26Z,28.6
2023-05-16T19:43:48Z,28.1
2023-05-16T19:44:13Z,28.4
2023-05-16T19:44:37Z,28.6
2023-05-16T19:45:02Z,28.5
2023-05-16T19:45:26Z,28.5
2023-05-16T19:45:46Z,28.4
2023-05-16T19:46:06Z,28.8
2023-05-16T19:46:25Z,29.2
2023-05-16T19:46:46Z,28.6
2023-05-16T19:47:06Z,26.9
2023-05-16T19:47:26Z,28.3
2023-05-16T19:47:46Z,28.7
2023-05-16T19:48:07Z,28.5
2023-05-16T19:48:27Z,28.5
2023-05-16T19:48:51Z,28.5
2023-05-16T19:49:16Z,28.4
2023-05-16T19:49:39Z,28.4
2023-05-16T19:50:04Z,28.6
2023-05-16T19:50:28Z,28.7
2023-05-16T19:50:50Z,28.7
2023-05-16T19:51:13Z,28.4
2023-05-16T19:51:36Z,28.8
2023-05-16T19:51:56Z,29.1
2023-05-16T19:52:16Z,28.4
2023-05-16T19:52:36Z,29.5
2023-05-16T19:52:59Z,29.5
2023-05-16T19:53:21Z,28.8
2023-05-16T19:53:41Z,28.8
2023-05-16T19:54:02Z,29.1
2023-05-16T19:54:22Z,29.5
2023-05-16T19:54:42Z,29.5
2023-05-16T19:55:01Z,28.8
2023-05-16T19:55:22Z,29.1
2023-05-16T19:55:42Z,29.2
2023-05-16T19:56:03Z,29.2
2023-05-16T19:56:23Z,29.1
2023-05-16T19:56:43Z,29.2
2023-05-16T19:57:03Z,28.1
2023-05-16T19:57:25Z,29.2
2023-05-16T19:57:49Z,28.5
2023-05-16T19:58:13Z,28.1
2023-05-16T19:58:37Z,29.9
2023-05-16T19:59:02Z,29.2
2023-05-16T19:59:28Z,29.4
2023-05-16T19:59:49Z,28.5
2023-05-16T20:00:09Z,28.5
2023-05-16T20:00:29Z,28.8
2023-05-16T20:00:49Z,28.8
2023-05-16T20:01:10Z,28.8
2023-05-16T20:01:30Z,28.8
2023-05-16T20:01:50Z,29.9
2023-05-16T20:02:10Z,28.8
2023-05-16T20:02:30Z,29.2
2023-05-16T20:02:51Z,28.9
2023-05-16T20:03:11Z,30.1
2023-05-16T20:03:31Z,28.9
2023-05-16T20:03:51Z,28.8
2023-05-16T20:04:11Z,28.8
2023-05-16T20:04:31Z,28.9
2023-05-16T20:04:51Z,28.9
2023-05-16T20:05:12Z,30.6
2023-05-16T20:05:32Z,30.6
2023-05-16T20:05:52Z,28.6
2023-05-16T20:06:14Z,29.7
2023-05-16T20:06:35Z,28.9
2023-05-16T20:06:56Z,30.7
2023-05-16T20:07:18Z,29.5
2023-05-16T20:07:39Z,29.5
2023-05-16T20:08:01Z,29.5
2023-05-16T20:08:22Z,29.5
2023-05-16T20:08:43Z,28.6
2023-05-16T20:09:04Z,29.5
2023-05-16T20:09:25Z,29.9
2023-05-16T20:09:47Z,28.1
2023-05-16T20:10:14Z,28.3
2023-05-16T20:10:41Z,27.4
2023-05-16T20:11:06Z,29.9
2023-05-16T20:11:27Z,30.3
2023-05-16T20:11:48Z,30.3
2023-05-16T20:12:13Z,28.8
2023-05-16T20:12:38Z,28.8
2023-05-16T20:13:01Z,30.3
2023-05-16T20:13:22Z,28.8
2023-05-16T20:13:43Z,29.8
2023-05-16T20:14:04Z,30.3
2023-05-16T20:14:25Z,28.8
2023-05-16T20:14:45Z,28.8
2023-05-16T20:15:07Z,29.0
2023-05-16T20:15:28Z,29.2
2023-05-16T20:15:49Z,29.2
2023-05-16T20:16:10Z,30.1
2023-05-16T20:16:31Z,29.7
2023-05-16T20:16:52Z,29.7
2023-05-16T20:17:12Z,29.7
2023-05-16T20:17:33Z,29.8
2023-05-16T20:17:56Z,28.0
2023-05-16T20:18:19Z,27.8
2023-05-16T20:18:43Z,30.1
2023-05-16T20:19:03Z,27.8
2023-05-16T20:19:24Z,28.6
2023-05-16T20:19:45Z,29.2
2023-05-16T20:20:05Z,27.8
2023-05-16T20:20:26Z,27.8
2023-05-16T20:20:46Z,28.0
2023-05-16T20:21:08Z,28.5
2023-05-16T20:21:29Z,28.6
2023-05-16T20:21:50Z,28.3
2023-05-16T20:22:11Z,29.4
2023-05-16T20:22:32Z,28.3
2023-05-16T20:22:53Z,28.6
2023-05-16T20:23:13Z,28.3
2023-05-16T20:23:34Z,29.4
2023-05-16T20:23:54Z,28.6
2023-05-16T20:24:15Z,28.6
2023-05-16T20:24:36Z,30.0
2023-05-16T20:25:00Z,29.2
2023-05-16T20:25:23Z,28.6
2023-05-16T20:25:48Z,29.2
2023-05-16T20:26:09Z,30.8
2023-05-16T20:26:30Z,29.2
2023-05-16T20:26:50Z,29.2
2023-05-16T20:27:11Z,29.2
2023-05-16T20:27:31Z,30.0
2023-05-16T20:27:52Z,30.8
2023-05-16T20:28:13Z,29.2
2023-05-16T20:28:34Z,31.4
2023-05-16T20:28:56Z,32.2
2023-05-16T20:29:17Z,33.0
2023-05-16T20:29:38Z,32.7
2023-05-16T20:30:02Z,32.9
2023-05-16T20:30:25Z,32.9
2023-05-16T20:30:48Z,32.9
2023-05-16T20:31:12Z,31.4
2023-05-16T20:31:36Z,32.7
2023-05-16T20:32:00Z,32.2
2023-05-16T20:32:24Z,32.7
2023-05-16T20:32:44Z,32.7
2023-05-16T20:33:05Z,34.1
2023-05-16T20:33:27Z,35.8
2023-05-16T20:33:48Z,35.0
2023-05-16T20:34:10Z,34.4
2023-05-16T20:34:30Z,32.9
2023-05-16T20:34:50Z,34.4
2023-05-16T20:35:12Z,34.9
2023-05-16T20:35:33Z,33.2
2023-05-16T20:35:54Z,32.9
2023-05-16T20:36:14Z,33.5
2023-05-16T20:36:35Z,33.5
2023-05-16T20:36:58Z,36.3
2023-05-16T20:37:21Z,33.7
2023-05-16T20:37:45Z,33.7
2023-05-16T20:38:06Z,35.4
2023-05-16T20:38:27Z,36.3
2023-05-16T20:38:48Z,34.9
2023-05-16T20:39:09Z,36.3
2023-05-16T20:39:30Z,34.4
2023-05-16T20:39:51Z,34.0
2023-05-16T20:40:12Z,33.9
2023-05-16T20:40:33Z,34.5
2023-05-16T20:40:54Z,34.4
2023-05-16T20:41:15Z,33.9
2023-05-16T20:41:35Z,34.0
2023-05-16T20:41:56Z,33.1
2023-05-16T20:42:20Z,34.0
2023-05-16T20:42:43Z,33.9
2023-05-16T20:43:07Z,32.9
2023-05-16T20:43:30Z,33.1
2023-05-16T20:43:54Z,32.9
2023-05-16T20:44:17Z,33.1
2023-05-16T20:44:40Z,32.4
2023-05-16T20:45:04Z,32.1
2023-05-16T20:45:27Z,32.9
2023-05-16T20:45:49Z,32.9
2023-05-16T20:46:13Z,32.4
2023-05-16T20:46:37Z,32.4
2023-05-16T20:46:59Z,32.4
2023-05-16T20:47:23Z,31.2
2023-05-16T20:47:47Z,30.4
2023-05-16T20:48:09Z,29.9
2023-05-16T20:48:31Z,31.2
2023-05-16T20:48:52Z,31.7
2023-05-16T20:49:13Z,29.9
2023-05-16T20:49:35Z,32.0
2023-05-16T20:49:56Z,30.7
2023-05-16T20:50:16Z,32.4
2023-05-16T20:50:37Z,30.4
2023-05-16T20:51:00Z,30.5
2023-05-16T20:51:23Z,30.5
2023-05-16T20:51:46Z,30.9
2023-05-16T20:52:09Z,32.0
2023-05-16T20:52:33Z,29.1
2023-05-16T20:52:56Z,30.9
2023-05-16T20:53:20Z,32.0
2023-05-16T20:53:44Z,31.6
2023-05-16T20:54:06Z,29.5
2023-05-16T20:54:27Z,29.5
2023-05-16T20:54:48Z,31.6
2023-05-16T20:55:09Z,29.6
2023-05-16T20:55:30Z,29.4
2023-05-16T20:55:50Z,29.6
2023-05-16T20:56:14Z,29.5
2023-05-16T20:56:38Z,29.5
2023-05-16T20:57:02Z,29.4
2023-05-16T20:57:26Z,29.6
2023-05-16T20:57:51Z,28.7
2023-05-16T20:58:15Z,29.6
2023-05-16T20:58:39Z,29.6
2023-05-16T20:59:03Z,29.6
2023-05-16T20:59:27Z,29.5
2023-05-16T20:59:51Z,29.0
2023-05-16T21:00:12Z,31.1
2023-05-16T21:00:33Z,29.8
2023-05-16T21:00:55Z,28.6
2023-05-16T21:01:18Z,28.6
2023-05-16T21:01:42Z,29.7
2023-05-16T21:02:06Z,28.6
2023-05-16T21:02:30Z,28.3
2023-05-16T21:02:51Z,29.0
2023-05-16T21:03:11Z,29.7
2023-05-16T21:03:32Z,28.3
2023-05-16T21:03:55Z,28.3
2023-05-16T21:04:20Z,29.4
2023-05-16T21:04:47Z,29.2
2023-05-16T21:05:12Z,29.2
2023-05-16T21:05:33Z,29.4
2023-05-16T21:05:53Z,29.2
2023-05-16T21:06:15Z,29.6
2023-05-16T21:06:40Z,29.9
2023-05-16T21:07:06Z,29.2
2023-05-16T21:07:29Z,29.2
2023-05-16T21:07:51Z,29.2
2023-05-16T21:08:12Z,29.2
2023-05-16T21:08:32Z,29.2
2023-05-16T21:08:54Z,29.6
2023-05-16T21:09:15Z,29.0
2023-05-16T21:09:36Z,29.5
2023-05-16T21:09:56Z,29.6
2023-05-16T21:10:19Z,29.2
2023-05-16T21:10:43Z,29.6
2023-05-16T21:11:06Z,30.0
2023-05-16T21:11:28Z,29.0
2023-05-16T21:11:51Z,29.6
2023-05-16T21:12:14Z,28.4
2023-05-16T21:12:37Z,29.0
2023-05-16T21:12:58Z,26.4
2023-05-16T21:13:18Z,28.4
2023-05-16T21:13:39Z,29.6
2023-05-16T21:14:00Z,28.4
2023-05-16T21:14:21Z,26.4
2023-05-16T21:14:41Z,28.4
2023-05-16T21:15:02Z,28.4
2023-05-16T21:15:22Z,28.4
2023-05-16T21:15:43Z,28.4
2023-05-16T21:16:04Z,28.5
2023-05-16T21:16:25Z,28.5
2023-05-16T21:16:48Z,28.4
2023-05-16T21:17:13Z,27.8
2023-05-16T21:17:36Z,28.4
2023-05-16T21:17:57Z,27.2
2023-05-16T21:18:18Z,27.8
2023-05-16T21:18:39Z,28.8
2023-05-16T21:19:00Z,28.7
2023-05-16T21:19:22Z,28.4
2023-05-16T21:19:46Z,27.8
2023-05-16T21:20:11Z,27.9
2023-05-16T21:20:35Z,27.9
2023-05-16T21:20:59Z,26.3
2023-05-16T21:21:23Z,26.3
2023-05-16T21:21:47Z,27.4
2023-05-16T21:22:12Z,28.8
2023-05-16T21:22:35Z,28.7
2023-05-16T21:22:59Z,27.6
2023-05-16T21:23:20Z,28.8
2023-05-16T21:23:40Z,27.4
2023-05-16T21:24:01Z,27.4
2023-05-16T21:24:25Z,27.1
2023-05-16T21:24:49Z,26.6
2023-05-16T21:25:13Z,27.6
2023-05-16T21:25:33Z,28.8
2023-05-16T21:25:54Z,26.6
2023-05-16T21:26:14Z,27.1
2023-05-16T21:26:36Z,27.1
2023-05-16T21:27:01Z,26.9
2023-05-16T21:27:24Z,26.8
2023-05-16T21:27:48Z,26.2
2023-05-16T21:28:13Z,26.5
2023-05-16T21:28:36Z,27.2
2023-05-16T21:28:57Z,27.5
2023-05-16T21:29:18Z,27.5
2023-05-16T21:29:39Z,26.9
2023-05-16T21:29:59Z,27.5
2023-05-16T21:30:20Z,26.2
2023-05-16T21:30:41Z,27.4
2023-05-16T21:31:05Z,27.2
2023-05-16T21:31:27Z,26.2
2023-05-16T21:31:49Z,27.5
2023-05-16T21:32:11Z,27.5
2023-05-16T21:32:32Z,26.9
2023-05-16T21:32:52Z,26.7
2023-05-16T21:33:13Z,26.7
2023-05-16T21:33:35Z,26.7
2023-05-16T21:33:58Z,25.5
2023-05-16T21:34:19Z,26.9
2023-05-16T21:34:40Z,26.1
2023-05-16T21:35:01Z,26.8
2023-05-16T21:35:22Z,26.5
2023-05-16T21:35:42Z,26.5
2023-05-16T21:36:03Z,26.5
2023-05-16T21:36:23Z,26.5
2023-05-16T21:36:44Z,26.6
2023-05-16T21:37:04Z,26.6
2023-05-16T21:37:25Z,26.6
2023-05-16T21:37:47Z,26.6
2023-05-16T21:38:09Z,24.7
2023-05-16T21:38:32Z,26.6
2023-05-16T21:38:53Z,26.8
2023-05-16T21:39:14Z,26.6
2023-05-16T21:39:34Z,26.8
2023-05-16T21:39:55Z,25.4
2023-05-16T21:40:16Z,25.4
2023-05-16T21:40:36Z,26.8
2023-05-16T21:40:56Z,25.5
2023-05-16T21:41:22Z,25.6
2023-05-16T21:41:43Z,26.6
2023-05-16T21:42:03Z,25.4
2023-05-16T21:42:24Z,26.6
2023-05-16T21:42:45Z,26.6
2023-05-16T21:43:06Z,26.7
2023-05-16T21:43:29Z,26.1
2023-05-16T21:43:51Z,26.1
2023-05-16T21:44:14Z,26.6
2023-05-16T21:44:36Z,26.1
2023-05-16T21:44:59Z,26.1
2023-05-16T21:45:21Z,26.7
2023-05-16T21:45:44Z,24.4
2023-05-16T21:46:06Z,26.1
2023-05-16T21:46:28Z,26.2
2023-05-16T21:46:51Z,24.4
2023-05-16T21:47:15Z,26.3
2023-05-16T21:47:37Z,26.7
2023-05-16T21:48:00Z,25.3
2023-05-16T21:48:22Z,26.7
2023-05-16T21:48:46Z,26.2
2023-05-16T21:49:09Z,27.0
2023-05-16T21:49:31Z,26.2
2023-05-16T21:49:54Z,26.7
2023-05-16T21:50:18Z,26.3
2023-05-16T21:50:40Z,24.6
2023-05-16T21:51:04Z,24.5
2023-05-16T21:51:26Z,26.0
2023-05-16T21:51:48Z,26.4
2023-05-16T21:52:08Z,24.6
2023-05-16T21:52:30Z,25.8
2023-05-16T21:52:51Z,24.5
2023-05-16T21:53:12Z,26.0
2023-05-16T21:53:35Z,24.5
2023-05-16T21:53:57Z,26.8
2023-05-16T21:54:21Z,26.2
2023-05-16T21:54:44Z,25.5
2023-05-16T21:55:06Z,25.5
2023-05-16T21:55:27Z,25.7
2023-05-16T21:55:48Z,25.8
2023-05-16T21:56:11Z,25.5
2023-05-16T21:56:34Z,25.7
2023-05-16T21:56:57Z,25.5
2023-05-16T21:57:19Z,27.2
2023-05-16T21:57:42Z,26.8
2023-05-16T21:58:06Z,25.7
2023-05-16T21:58:27Z,27.2
2023-05-16T21:58:48Z,27.2
2023-05-16T21:59:08Z,27.2
2023-05-16T21:59:32Z,26.7
2023-05-16T21:59:55Z,26.5
2023-05-16T22:00:15Z,25.7
2023-05-16T22:00:36Z,27.2
2023-05-16T22:00:58Z,27.2
2023-05-16T22:01:20Z,25.9
2023-05-16T22:01:42Z,26.7
2023-05-16T22:02:05Z,26.7
2023-05-16T22:02:30Z,25.7
2023-05-16T22:02:50Z,26.7
2023-05-16T22:03:12Z,24.6
2023-05-16T22:03:33Z,26.2
2023-05-16T22:03:54Z,26.2
2023-05-16T22:04:15Z,26.4
2023-05-16T22:04:36Z,26.4
2023-05-16T22:04:57Z,25.7
2023-05-16T22:05:22Z,25.7
2023-05-16T22:05:45Z,26.2
2023-05-16T22:06:09Z,26.4
2023-05-16T22:06:31Z,26.2
2023-05-16T22:06:51Z,26.2
2023-05-16T22:07:12Z,26.4
2023-05-16T22:07:33Z,26.2
2023-05-16T22:07:54Z,24.9
2023-05-16T22:08:15Z,25.7
2023-05-16T22:08:36Z,26.4
2023-05-16T22:08:58Z,25.7
2023-05-16T22:09:19Z,25.6
2023-05-16T22:09:40Z,25.8
2023-05-16T22:10:01Z,25.7
2023-05-16T22:10:23Z,26.0
2023-05-16T22:10:44Z,26.4
2023-05-16T22:11:04Z,24.9
2023-05-16T22:11:25Z,26.0
2023-05-16T22:11:49Z,24.9
2023-05-16T22:12:13Z,25.1
2023-05-16T22:12:37Z,25.7
2023-05-16T22:13:01Z,25.6
2023-05-16T22:13:25Z,25.6
2023-05-16T22:13:49Z,25.5
2023-05-16T22:14:13Z,25.6
2023-05-16T22:14:35Z,24.8
2023-05-16T22:14:56Z,25.5
2023-05-16T22:15:16Z,25.6
2023-05-16T22:15:40Z,25.6
2023-05-16T22:16:04Z,25.5
2023-05-16T22:16:27Z,26.6
2023-05-16T22:16:48Z,25.5
2023-05-16T22:17:09Z,25.5
2023-05-16T22:17:29Z,25.5
2023-05-16T22:17:50Z,26.6
2023-05-16T22:18:11Z,24.8
2023-05-16T22:18:31Z,25.5
2023-05-16T22:18:53Z,26.6
2023-05-16T22:19:14Z,25.7
2023-05-16T22:19:35Z,25.5
2023-05-16T22:19:56Z,26.0
2023-05-16T22:20:17Z,25.3
2023-05-16T22:20:37Z,25.3
2023-05-16T22:20:58Z,25.5
2023-05-16T22:21:18Z,25.5
2023-05-16T22:21:39Z,25.3
2023-05-16T22:22:00Z,26.6
2023-05-16T22:22:21Z,25.7
2023-05-16T22:22:42Z,25.7
2023-05-16T22:23:04Z,25.7
2023-05-16T22:23:27Z,25.5
2023-05-16T22:23:48Z,26.0
2023-05-16T22:24:13Z,25.4
2023-05-16T22:24:33Z,26.0
2023-05-16T22:24:54Z,25.4
2023-05-16T22:25:15Z,26.1
2023-05-16T22:25:36Z,25.7
2023-05-16T22:25:57Z,26.3
2023-05-16T22:26:18Z,25.9
2023-05-16T22:26:39Z,25.9
2023-05-16T22:26:59Z,26.1
2023-05-16T22:27:22Z,26.1
2023-05-16T22:27:47Z,25.6
2023-05-16T22:28:11Z,26.3
2023-05-16T22:28:36Z,24.1
2023-05-16T22:28:59Z,24.5
2023-05-16T22:29:23Z,25.9
2023-05-16T22:29:46Z,25.7
2023-05-16T22:30:09Z,25.4
2023-05-16T22:30:30Z,25.6
2023-05-16T22:30:50Z,24.5
2023-05-16T22:31:12Z,25.0
2023-05-16T22:31:33Z,24.5
2023-05-16T22:31:53Z,25.7
2023-05-16T22:32:14Z,24.6
2023-05-16T22:32:35Z,25.7
2023-05-16T22:32:56Z,25.4
2023-05-16T22:33:17Z,25.4
2023-05-16T22:33:38Z,25.0
2023-05-16T22:34:00Z,25.0
2023-05-16T22:34:21Z,25.1
2023-05-16T22:34:43Z,24.5
2023-05-16T22:35:03Z,25.0
2023-05-16T22:35:25Z,25.4
2023-05-16T22:35:47Z,23.9
2023-05-16T22:36:08Z,24.5
2023-05-16T22:36:29Z,25.4
2023-05-16T22:36:50Z,24.8
2023-05-16T22:37:11Z,25.1
2023-05-16T22:37:32Z,25.1
2023-05-16T22:37:55Z,24.8
2023-05-16T22:38:17Z,23.9
2023-05-16T22:38:38Z,24.8
2023-05-16T22:39:00Z,25.1
2023-05-16T22:39:22Z,24.3
2023-05-16T22:39:44Z,23.7
2023-05-16T22:40:06Z,24.2
2023-05-16T22:40:27Z,23.7
2023-05-16T22:40:48Z,22.8
2023-05-16T22:41:11Z,24.7
2023-05-16T22:41:32Z,24.7
2023-05-16T22:41:53Z,22.8
2023-05-16T22:42:15Z,25.6
2023-05-16T22:42:36Z,24.5
2023-05-16T22:42:57Z,22.8
2023-05-16T22:43:18Z,24.3
2023-05-16T22:43:39Z,26.7
2023-05-16T22:43:59Z,26.7
2023-05-16T22:44:22Z,25.2
2023-05-16T22:44:44Z,24.4
2023-05-16T22:45:04Z,26.7
2023-05-16T22:45:26Z,25.7
2023-05-16T22:45:48Z,25.8
2023-05-16T22:46:09Z,26.7
2023-05-16T22:46:31Z,24.5
2023-05-16T22:46:52Z,25.2
2023-05-16T22:47:13Z,26.7
2023-05-16T22:47:35Z,27.0
2023-05-16T22:47:57Z,26.8
2023-05-16T22:48:18Z,24.4
2023-05-16T22:48:40Z,26.1
2023-05-16T22:49:03Z,25.7
2023-05-16T22:49:25Z,26.1
2023-05-16T22:49:47Z,27.0
2023-05-16T22:50:09Z,26.1
2023-05-16T22:50:30Z,27.0
2023-05-16T22:50:51Z,26.7
2023-05-16T22:51:13Z,26.9
2023-05-16T22:51:34Z,27.0
2023-05-16T22:51:55Z,27.0
2023-05-16T22:52:16Z,26.1
2023-05-16T22:52:36Z,26.9
2023-05-16T22:52:58Z,26.6
2023-05-16T22:53:19Z,25.4
2023-05-16T22:53:41Z,27.4
2023-05-16T22:54:02Z,25.4
2023-05-16T22:54:24Z,26.7
2023-05-16T22:54:46Z,26.6
2023-05-16T22:55:07Z,25.4
2023-05-16T22:55:30Z,27.5
2023-05-16T22:55:52Z,28.2
2023-05-16T22:56:14Z,27.5
2023-05-16T22:56:36Z,28.2
2023-05-16T22:56:58Z,27.5
2023-05-16T22:57:19Z,27.5
2023-05-16T22:57:41Z,27.5
2023-05-16T22:58:02Z,27.5
2023-05-16T22:58:23Z,28.2
2023-05-16T22:58:44Z,27.5
2023-05-16T22:59:05Z,28.2
2023-05-16T22:59:27Z,27.5
2023-05-16T22:59:48Z,27.5
2023-05-16T23:00:09Z,27.5
2023-05-16T23:00:31Z,29.3
2023-05-16T23:00:53Z,28.2
2023-05-16T23:01:14Z,28.2
2023-05-16T23:01:37Z,28.3
2023-05-16T23:01:58Z,28.2
2023-05-16T23:02:21Z,28.2
2023-05-16T23:02:43Z,28.4
2023-05-16T23:03:05Z,28.3
2023-05-16T23:03:27Z,28.4
2023-05-16T23:03:48Z,29.5
2023-05-16T23:04:10Z,29.5
2023-05-16T23:04:31Z,28.3
2023-05-16T23:04:52Z,28.3
2023-05-16T23:05:14Z,29.0
2023-05-16T23:05:36Z,28.3
2023-05-16T23:05:57Z,28.4
2023-05-16T23:06:20Z,29.6
2023-05-16T23:06:41Z,29.0
2023-05-16T23:07:03Z,29.7
2023-05-16T23:07:24Z,29.7
2023-05-16T23:07:45Z,28.5
2023-05-16T23:08:07Z,29.6
2023-05-16T23:08:29Z,28.5
2023-05-16T23:08:51Z,28.8
2023-05-16T23:09:11Z,28.3
2023-05-16T23:09:34Z,29.0
2023-05-16T23:09:55Z,29.0
2023-05-16T23:10:17Z,30.0
2023-05-16T23:10:38Z,30.0
2023-05-16T23:11:04Z,30.5
2023-05-16T23:11:25Z,28.5
2023-05-16T23:11:46Z,30.0
2023-05-16T23:12:07Z,30.2
2023-05-16T23:12:30Z,29.4
2023-05-16T23:12:52Z,29.7
2023-05-16T23:13:13Z,30.2
2023-05-16T23:13:35Z,29.2
2023-05-16T23:13:56Z,30.2
2023-05-16T23:14:17Z,28.8
2023-05-16T23:14:39Z,30.4
2023-05-16T23:15:01Z,31.0
2023-05-16T23:15:22Z,29.7
2023-05-16T23:15:43Z,31.0
2023-05-16T23:16:04Z,28.8
2023-05-16T23:16:25Z,29.4
2023-05-16T23:16:46Z,31.1
2023-05-16T23:17:07Z,28.8
2023-05-16T23:17:28Z,30.2
2023-05-16T23:17:50Z,30.4
2023-05-16T23:18:11Z,30.4
2023-05-16T23:18:31Z,30.2
2023-05-16T23:18:53Z,29.6
2023-05-16T23:19:14Z,31.1
2023-05-16T23:19:36Z,31.2
2023-05-16T23:19:57Z,30.8
2023-05-16T23:20:19Z,29.9
2023-05-16T23:20:40Z,30.2
2023-05-16T23:21:01Z,29.6
2023-05-16T23:21:22Z,29.9
2023-05-16T23:21:44Z,29.8
2023-05-16T23:22:05Z,30.7
2023-05-16T23:22:26Z,30.2
2023-05-16T23:22:48Z,29.6
2023-05-16T23:23:09Z,29.3
2023-05-16T23:23:31Z,29.3
2023-05-16T23:23:53Z,30.1
2023-05-16T23:24:15Z,30.4
2023-05-16T23:24:36Z,30.7
2023-05-16T23:24:56Z,29.8
2023-05-16T23:25:18Z,29.6
2023-05-16T23:25:42Z,30.2
2023-05-16T23:26:05Z,29.3
2023-05-16T23:26:27Z,29.3
2023-05-16T23:26:50Z,28.8
2023-05-16T23:27:12Z,30.1
2023-05-16T23:27:35Z,30.8
2023-05-16T23:27:57Z,29.6
2023-05-16T23:28:19Z,29.5
2023-05-16T23:28:42Z,29.0
2023-05-16T23:29:04Z,30.5
2023-05-16T23:29:25Z,30.1
2023-05-16T23:29:47Z,29.0
2023-05-16T23:30:09Z,29.5
2023-05-16T23:30:30Z,29.0
2023-05-16T23:30:52Z,30.8
2023-05-16T23:31:14Z,27.3
2023-05-16T23:31:35Z,28.5
2023-05-16T23:31:56Z,27.3
2023-05-16T23:32:17Z,27.3
2023-05-16T23:32:39Z,28.5
2023-05-16T23:33:01Z,28.8
2023-05-16T23:33:24Z,28.0
2023-05-16T23:33:45Z,27.3
2023-05-16T23:34:07Z,28.8
2023-05-16T23:34:28Z,27.3
2023-05-16T23:34:50Z,29.9
2023-05-16T23:35:11Z,28.5
2023-05-16T23:35:31Z,28.7
2023-05-16T23:35:53Z,29.0
2023-05-16T23:36:15Z,28.8
2023-05-16T23:36:36Z,29.0
2023-05-16T23:36:57Z,28.3
2023-05-16T23:37:18Z,28.8
2023-05-16T23:37:40Z,29.0
2023-05-16T23:38:01Z,28.3
2023-05-16T23:38:22Z,27.6
2023-05-16T23:38:43Z,28.1
2023-05-16T23:39:05Z,28.0
2023-05-16T23:39:26Z,28.8
2023-05-16T23:39:48Z,27.5
2023-05-16T23:40:09Z,28.3
2023-05-16T23:40:31Z,27.6
2023-05-16T23:40:53Z,27.6
2023-05-16T23:41:15Z,27.6
2023-05-16T23:41:36Z,27.0
2023-05-16T23:41:58Z,27.0
2023-05-16T23:42:19Z,27.0
2023-05-16T23:42:40Z,27.5
2023-05-16T23:43:01Z,27.0
2023-05-16T23:43:23Z,27.5
2023-05-16T23:43:45Z,25.2
2023-05-16T23:44:06Z,27.0
2023-05-16T23:44:27Z,26.7
2023-05-16T23:44:48Z,27.0
2023-05-16T23:45:13Z,27.5
2023-05-16T23:45:35Z,26.7
2023-05-16T23:45:57Z,25.5
2023-05-16T23:46:18Z,25.2
2023-05-16T23:46:40Z,25.1
2023-05-16T23:47:02Z,25.9
2023-05-16T23:47:23Z,25.9
2023-05-16T23:47:45Z,25.5
2023-05-16T23:48:07Z,24.8
2023-05-16T23:48:29Z,25.5
2023-05-16T23:48:51Z,25.7
2023-05-16T23:49:12Z,25.9
2023-05-16T23:49:34Z,24.8
2023-05-16T23:49:55Z,25.5
2023-05-16T23:50:17Z,26.1
2023-05-16T23:50:39Z,25.7
2023-05-16T23:51:00Z,26.1
2023-05-16T23:51:22Z,24.3
2023-05-16T23:51:44Z,24.7
2023-05-16T23:52:06Z,24.9
2023-05-16T23:52:27Z,26.1
2023-05-16T23:52:49Z,24.7
2023-05-16T23:53:12Z,25.4
2023-05-16T23:53:33Z,25.7
2023-05-16T23:53:55Z,25.9
2023-05-16T23:54:17Z,26.5
2023-05-16T23:54:38Z,26.5
2023-05-16T23:55:00Z,24.7
2023-05-16T23:55:22Z,24.2
2023-05-16T23:55:44Z,24.1
2023-05-16T23:56:06Z,23.0
2023-05-16T23:56:28Z,26.5
2023-05-16T23:56:50Z,25.1
2023-05-16T23:57:12Z,25.1
2023-05-16T23:57:34Z,25.9
2023-05-16T23:57:57Z,24.1
2023-05-16T23:58:19Z,25.1
2023-05-16T23:58:42Z,24.3
2023-05-16T23:59:04Z,24.0
2023-05-16T23:59:25Z,24.1
2023-05-16T23:59:47Z,23.7
2023-05-17T00:00:08Z,23.1
2023-05-17T00:00:30Z,23.1
2023-05-17T00:00:51Z,23.7
2023-05-17T00:01:13Z,23.6
2023-05-17T00:01:35Z,23.1
2023-05-17T00:01:57Z,23.7
2023-05-17T00:02:18Z,24.0
2023-05-17T00:02:40Z,22.3
2023-05-17T00:03:02Z,24.0
2023-05-17T00:03:23Z,23.7
2023-05-17T00:03:46Z,23.7
2023-05-17T00:04:07Z,23.6
2023-05-17T00:04:29Z,22.8
2023-05-17T00:04:51Z,24.2
2023-05-17T00:05:13Z,22.8
2023-05-17T00:05:35Z,22.3
2023-05-17T00:05:58Z,22.3
2023-05-17T00:06:21Z,22.3
2023-05-17T00:06:44Z,22.6
2023-05-17T00:07:06Z,22.6
2023-05-17T00:07:28Z,23.2
2023-05-17T00:07:51Z,23.8
2023-05-17T00:08:14Z,22.8
2023-05-17T00:08:39Z,22.1
2023-05-17T00:09:02Z,23.5
2023-05-17T00:09:23Z,23.5
2023-05-17T00:09:44Z,22.1
2023-05-17T00:10:06Z,22.1
2023-05-17T00:10:30Z,23.5
2023-05-17T00:10:55Z,22.1
2023-05-17T00:11:18Z,23.5
2023-05-17T00:11:41Z,23.1
2023-05-17T00:12:05Z,24.0
2023-05-17T00:12:27Z,23.5
2023-05-17T00:12:51Z,24.1
2023-05-17T00:13:12Z,24.0
2023-05-17T00:13:34Z,23.7
2023-05-17T00:13:55Z,23.7
2023-05-17T00:14:17Z,24.3
2023-05-17T00:14:37Z,23.7
2023-05-17T00:14:58Z,24.3
2023-05-17T00:15:19Z,23.7
2023-05-17T00:15:41Z,24.7
2023-05-17T00:16:02Z,24.8
2023-05-17T00:16:24Z,24.5
2023-05-17T00:16:46Z,24.3
2023-05-17T00:17:08Z,25.6
2023-05-17T00:17:29Z,23.7
2023-05-17T00:17:51Z,27.1
2023-05-17T00:18:13Z,24.3
2023-05-17T00:18:35Z,27.4
2023-05-17T00:18:57Z,25.6
2023-05-17T00:19:18Z,26.3
2023-05-17T00:19:39Z,25.6
2023-05-17T00:20:00Z,24.5
2023-05-17T00:20:21Z,27.4
2023-05-17T00:20:41Z,25.6
2023-05-17T00:21:03Z,27.2
2023-05-17T00:21:24Z,27.1
2023-05-17T00:21:46Z,26.3
2023-05-17T00:22:08Z,29.2
2023-05-17T00:22:30Z,26.3
2023-05-17T00:22:52Z,28.3
2023-05-17T00:23:15Z,28.2
2023-05-17T00:23:38Z,28.9
2023-05-17T00:23:59Z,29.2
2023-05-17T00:24:21Z,29.3
2023-05-17T00:24:43Z,29.2
2023-05-17T00:25:04Z,28.2
2023-05-17T00:25:26Z,28.2
2023-05-17T00:25:47Z,28.2
2023-05-17T00:26:09Z,28.9
2023-05-17T00:26:31Z,28.8
2023-05-17T00:26:53Z,28.4
2023-05-17T00:27:14Z,28.3
2023-05-17T00:27:35Z,28.9
2023-05-17T00:27:56Z,28.1
2023-05-17T00:28:18Z,28.1
2023-05-17T00:28:39Z,27.2
2023-05-17T00:29:00Z,27.1
2023-05-17T00:29:21Z,28.3
2023-05-17T00:29:42Z,27.1
2023-05-17T00:30:04Z,28.4
2023-05-17T00:30:25Z,28.4
2023-05-17T00:30:47Z,28.4
2023-05-17T00:31:08Z,26.4
2023-05-17T00:31:30Z,26.6
2023-05-17T00:31:51Z,26.0
2023-05-17T00:32:12Z,26.4
2023-05-17T00:32:34Z,25.3
2023-05-17T00:32:55Z,26.4
2023-05-17T00:33:15Z,25.3
2023-05-17T00:33:37Z,26.4
2023-05-17T00:33:58Z,26.6
2023-05-17T00:34:20Z,25.3
2023-05-17T00:34:41Z,26.0
2023-05-17T00:35:04Z,24.0
2023-05-17T00:35:26Z,26.0
2023-05-17T00:35:48Z,25.3
2023-05-17T00:36:11Z,25.3
2023-05-17T00:36:33Z,25.3
2023-05-17T00:36:55Z,24.0
2023-05-17T00:37:15Z,24.0
2023-05-17T00:37:37Z,23.1
2023-05-17T00:37:58Z,23.1
2023-05-17T00:38:19Z,23.3
2023-05-17T00:38:41Z,23.3
2023-05-17T00:39:02Z,24.2
2023-05-17T00:39:23Z,24.2
2023-05-17T00:39:46Z,24.9
2023-05-17T00:40:07Z,23.3
2023-05-17T00:40:28Z,24.2
2023-05-17T00:40:50Z,23.1
2023-05-17T00:41:11Z,22.1
2023-05-17T00:41:33Z,21.9
2023-05-17T00:41:54Z,23.3
2023-05-17T00:42:16Z,23.4
2023-05-17T00:42:37Z,24.9
2023-05-17T00:42:58Z,24.2
2023-05-17T00:43:20Z,22.1
2023-05-17T00:43:42Z,21.9
2023-05-17T00:44:03Z,22.1
2023-05-17T00:44:26Z,22.4
2023-05-17T00:44:48Z,22.1
2023-05-17T00:45:09Z,23.4
2023-05-17T00:45:31Z,22.8
2023-05-17T00:45:54Z,22.2
2023-05-17T00:46:16Z,21.4
2023-05-17T00:46:38Z,22.0
2023-05-17T00:47:02Z,21.6
2023-05-17T00:47:23Z,21.6
2023-05-17T00:47:44Z,21.4
2023-05-17T00:48:06Z,21.1
2023-05-17T00:48:29Z,21.4
2023-05-17T00:48:51Z,21.1
2023-05-17T00:49:14Z,21.3
2023-05-17T00:49:36Z,22.2
2023-05-17T00:49:59Z,21.5
2023-05-17T00:50:20Z,21.1
2023-05-17T00:50:42Z,21.4
2023-05-17T00:51:03Z,21.5
2023-05-17T00:51:26Z,22.0
2023-05-17T00:51:47Z,22.8
2023-05-17T00:52:08Z,22.0
2023-05-17T00:52:29Z,22.8
2023-05-17T00:52:50Z,22.8
2023-05-17T00:53:11Z,21.3
2023-05-17T00:53:31Z,22.8
2023-05-17T00:53:52Z,21.5
2023-05-17T00:54:12Z,22.0
2023-05-17T00:54:35Z,22.8
2023-05-17T00:54:57Z,22.8
2023-05-17T00:55:19Z,21.9
2023-05-17T00:55:42Z,21.6
2023-05-17T00:56:03Z,21.6
2023-05-17T00:56:24Z,22.0
2023-05-17T00:56:45Z,22.5
2023-05-17T00:57:08Z,21.6
2023-05-17T00:57:30Z,21.9
2023-05-17T00:57:53Z,23.1
2023-05-17T00:58:14Z,23.1
2023-05-17T00:58:37Z,22.5
2023-05-17T00:58:59Z,21.6
2023-05-17T00:59:20Z,23.4
2023-05-17T00:59:41Z,23.4
2023-05-17T01:00:01Z,22.5
2023-05-17T01:00:22Z,22.0
2023-05-17T01:00:46Z,23.2
2023-05-17T01:01:06Z,22.5
2023-05-17T01:01:30Z,23.2
2023-05-17T01:01:52Z,24.1
2023-05-17T01:02:14Z,22.5
2023-05-17T01:02:36Z,22.5
2023-05-17T01:02:57Z,23.2
2023-05-17T01:03:20Z,24.3
2023-05-17T01:03:42Z,24.2
