date,min,max,median,q1,q3
2021-10-08T00:00:00.000Z,29.2,99.1,42.65,37.0,51.3
2021-10-09T00:00:00.000Z,10.0,85.6,31.4,24.0,39.75
2021-10-10T00:00:00.000Z,1.5,40.5,16.05,6.4,31.9
2021-10-11T00:00:00.000Z,2.3,243.9,14.1,9.1,18.3
2021-10-12T00:00:00.000Z,8.7,32.2,17.6,15.3,22.1
2021-10-13T00:00:00.000Z,8.9,201.3,23.8,20.2,27.3
2021-10-14T00:00:00.000Z,2.2,214.4,8.7,6.6,14.3
2021-10-15T00:00:00.000Z,5.1,28.3,13.1,8.9,15.6
2021-10-16T00:00:00.000Z,0.6,37.3,7.7,4.0,17.95
2021-10-17T00:00:00.000Z,5.0,35.0,15.0,8.2,19.2
2021-10-18T00:00:00.000Z,7.1,60.4,16.8,12.0,32.79
2021-10-19T00:00:00.000Z,33.6,138.3,58.1,47.5,73.7
2021-10-20T00:00:00.000Z,20.5,98.8,49.55,38.4,64.9
2021-10-21T00:00:00.000Z,1.7,62.8,17.25,8.1,27.4
2021-10-22T00:00:00.000Z,5.3,34.6,21.8,10.95,24.55
2021-10-23T00:00:00.000Z,24.6,172.4,43.05,34.2,62.9
2021-10-24T00:00:00.000Z,27.3,131.7,48.9,37.4,83.6
2021-10-25T00:00:00.000Z,36.1,174.8,88.7,44.8,109.35
2021-10-26T00:00:00.000Z,84.7,227.1,153.9,126.0,188.0
2021-10-27T00:00:00.000Z,46.6,277.6,103.5,56.1,180.1
2021-10-28T00:00:00.000Z,23.1,95.5,54.7,45.1,73.4
2021-10-29T00:00:00.000Z,3.0,44.9,30.4,22.85,35.7
2021-10-30T00:00:00.000Z,4.6,60.7,13.1,9.6,17.45
2021-10-31T00:00:00.000Z,14.4,308.5,40.9,29.1,44.3
2021-11-01T00:00:00.000Z,14.2,77.3,25.2,21.5,29.65
2021-11-02T00:00:00.000Z,15.4,56.8,32.0,24.6,36.1
2021-11-03T00:00:00.000Z,24.8,109.2,44.7,38.1,52.1
2021-11-04T00:00:00.000Z,11.4,67.8,41.65,21.0,46.4
2021-11-05T00:00:00.000Z,17.8,91.6,39.79,29.8,43.7
2021-11-06T00:00:00.000Z,22.7,70.9,37.29,33.8,40.5
2022-02-04T00:00:00.000Z,43.7,73.5,50.6,47.8,59.4
2022-02-05T00:00:00.000Z,46.6,288.3,84.1,57.0,92.2
2022-02-06T00:00:00.000Z,52.0,113.3,74.05,67.1,79.8
2022-02-07T00:00:00.000Z,29.6,108.2,68.7,60.4,90.4
2022-02-08T00:00:00.000Z,16.7,58.4,37.6,28.4,43.5
2022-02-09T00:00:00.000Z,19.5,69.7,30.6,24.0,39.1
2022-02-10T00:00:00.000Z,36.7,118.2,66.7,55.2,71.09
2022-02-11T00:00:00.000Z,31.1,158.3,51.5,43.5,92.3
2022-02-12T00:00:00.000Z,4.2,459.3,31.1,16.4,40.2
2022-02-13T00:00:00.000Z,4.5,47.1,23.35,13.7,33.35
2022-02-14T00:00:00.000Z,25.9,100.1,55.8,37.25,72.3
2022-02-15T00:00:00.000Z,42.5,587.4,62.3,49.3,80.4
2022-02-16T00:00:00.000Z,45.6,238.9,67.2,61.15,79.0
2022-02-17T00:00:00.000Z,31.3,146.7,67.7,49.7,96.9
2022-02-18T00:00:00.000Z,1.4,84.5,40.1,30.2,47.7
2022-02-19T00:00:00.000Z,0.9,83.8,10.15,6.8,16.1
2022-02-20T00:00:00.000Z,7.3,69.7,16.89,14.6,19.7
2022-02-21T00:00:00.000Z,15.6,242.6,23.7,20.7,27.3
2022-02-22T00:00:00.000Z,20.0,66.7,33.1,27.1,37.29
2022-02-23T00:00:00.000Z,25.2,97.6,43.7,38.7,58.35
2022-02-24T00:00:00.000Z,36.0,173.6,54.8,45.4,69.0
2022-02-25T00:00:00.000Z,51.9,149.8,76.0,64.2,90.0
2022-02-26T00:00:00.000Z,91.9,221.4,185.45,113.5,206.5
2022-02-27T00:00:00.000Z,68.5,298.7,153.3,137.0,202.8
2022-02-28T00:00:00.000Z,74.0,265.1,100.65,95.3,123.2
2022-03-01T00:00:00.000Z,64.2,210.9,142.35,98.5,152.6
2022-03-02T00:00:00.000Z,42.9,198.7,119.0,70.4,156.8
2022-03-03T00:00:00.000Z,38.7,159.1,51.8,48.7,61.3
2022-03-04T00:00:00.000Z,46.7,106.0,58.3,52.15,67.5
2022-03-05T00:00:00.000Z,40.8,81.4,55.6,52.1,62.9
2022-03-06T00:00:00.000Z,27.2,101.7,45.5,38.2,54.9
2022-03-07T00:00:00.000Z,39.8,241.5,92.7,46.2,135.25
2022-03-08T00:00:00.000Z,30.1,162.4,47.5,38.9,54.2
2022-03-09T00:00:00.000Z,39.4,80.3,53.3,50.7,58.6
2022-03-10T00:00:00.000Z,33.1,68.0,46.8,42.45,52.1
2022-03-11T00:00:00.000Z,46.6,88.1,53.2,50.7,55.7
2022-03-12T00:00:00.000Z,35.3,63.2,45.2,41.6,48.55
2022-03-13T00:00:00.000Z,36.5,74.0,47.75,43.6,52.6
2022-03-14T00:00:00.000Z,40.4,135.4,51.2,47.7,56.2
2022-03-15T00:00:00.000Z,46.9,117.6,77.3,52.95,89.4
2022-03-16T00:00:00.000Z,37.5,89.7,51.0,46.3,67.4
2022-03-17T00:00:00.000Z,42.1,105.5,51.4,46.8,56.45
2022-03-18T00:00:00.000Z,43.9,136.4,53.9,50.0,62.6
2022-03-19T00:00:00.000Z,36.5,88.0,50.4,47.5,52.75
2022-03-20T00:00:00.000Z,38.4,70.5,48.9,43.5,54.1
2022-03-21T00:00:00.000Z,43.0,85.3,56.2,51.7,68.59
2022-03-22T00:00:00.000Z,4.7,295.4,58.4,45.7,73.4
2022-03-23T00:00:00.000Z,1.9,126.1,22.55,10.1,40.85
2022-03-24T00:00:00.000Z,32.9,91.2,59.1,53.5,64.8
2022-03-25T00:00:00.000Z,33.5,128.2,80.65,50.2,94.9
2022-03-26T00:00:00.000Z,41.0,120.2,67.8,49.6,80.2
2022-03-27T00:00:00.000Z,21.5,72.5,32.9,28.1,36.79
2022-03-28T00:00:00.000Z,20.9,117.2,46.15,35.65,63.05
2022-03-29T00:00:00.000Z,26.5,163.5,60.9,52.95,73.59
2022-03-30T00:00:00.000Z,25.3,122.7,56.5,43.4,83.9
2022-03-31T00:00:00.000Z,6.9,129.4,62.3,13.5,71.3
2022-04-01T00:00:00.000Z,6.1,45.0,11.8,9.1,15.3
2022-04-02T00:00:00.000Z,7.3,70.1,18.35,12.1,29.1
2022-04-03T00:00:00.000Z,15.7,98.4,38.4,30.0,44.85
2022-04-04T00:00:00.000Z,34.3,115.5,46.9,43.3,51.8
2022-04-05T00:00:00.000Z,38.8,132.9,66.7,57.4,85.6
2022-04-06T00:00:00.000Z,65.5,218.7,126.0,104.3,158.5
2022-04-07T00:00:00.000Z,47.3,203.9,80.84,69.95,110.25
2022-04-08T00:00:00.000Z,55.6,201.4,107.3,100.25,124.3
2022-04-09T00:00:00.000Z,36.8,232.1,59.8,49.9,76.0
2022-04-10T00:00:00.000Z,42.7,81.2,53.5,49.2,64.9
2022-04-11T00:00:00.000Z,46.0,127.4,58.2,54.45,66.45
2022-04-12T00:00:00.000Z,35.1,95.3,51.8,44.6,60.75
2022-04-13T00:00:00.000Z,49.3,120.2,68.09,60.0,79.2
2022-04-14T00:00:00.000Z,43.2,80.6,51.45,48.2,59.6
2022-04-15T00:00:00.000Z,43.9,379.2,59.25,52.3,65.8
2022-04-16T00:00:00.000Z,7.9,94.8,25.4,20.0,40.9
2022-04-17T00:00:00.000Z,1.4,44.2,11.4,7.4,19.8
2022-04-18T00:00:00.000Z,3.5,282.8,33.7,17.0,41.5
2022-04-19T00:00:00.000Z,22.6,79.1,40.1,30.2,44.1
2022-04-20T00:00:00.000Z,44.5,142.6,89.2,69.5,106.4
2022-04-21T00:00:00.000Z,49.0,94.3,63.8,57.3,70.05
2022-04-22T00:00:00.000Z,36.2,133.8,45.8,42.8,50.35
2022-04-23T00:00:00.000Z,36.0,254.8,47.7,43.7,50.8
2022-04-24T00:00:00.000Z,39.1,273.0,50.6,45.8,55.3
2022-04-25T00:00:00.000Z,31.1,97.2,43.6,38.29,64.8
2022-04-26T00:00:00.000Z,29.3,87.1,46.0,38.45,55.0
2022-04-27T00:00:00.000Z,31.1,72.3,44.0,40.65,46.2
2022-04-28T00:00:00.000Z,22.3,94.3,39.6,32.79,46.3
2022-04-29T00:00:00.000Z,30.2,144.3,45.0,42.8,54.2
2022-04-30T00:00:00.000Z,0.2,65.1,27.8,21.55,35.1
2022-05-01T00:00:00.000Z,2.6,41.4,14.2,6.7,19.0
2022-05-02T00:00:00.000Z,17.2,79.0,34.4,21.3,46.15
2022-05-03T00:00:00.000Z,17.8,121.9,39.3,25.0,48.1
2022-05-04T00:00:00.000Z,26.7,88.4,51.8,42.7,64.0
2022-05-05T00:00:00.000Z,37.6,108.0,49.0,45.35,53.2
2022-05-06T00:00:00.000Z,26.1,110.9,67.0,39.9,81.75
2022-05-07T00:00:00.000Z,8.9,62.1,37.5,30.55,42.9
2022-05-08T00:00:00.000Z,11.3,46.6,33.1,29.9,36.75
2022-05-09T00:00:00.000Z,21.2,96.1,29.0,26.3,34.4
2022-05-10T00:00:00.000Z,30.2,57.7,37.1,34.6,39.8
2022-05-11T00:00:00.000Z,23.8,105.1,43.3,36.85,48.4
2022-05-12T00:00:00.000Z,4.3,60.9,47.5,37.0,50.4
2022-05-13T00:00:00.000Z,7.7,60.3,27.9,18.0,42.0
2022-05-14T00:00:00.000Z,11.0,88.4,51.0,42.7,66.6
2022-05-15T00:00:00.000Z,3.1,52.5,15.7,10.6,25.0
2022-05-16T00:00:00.000Z,3.4,48.8,27.3,8.8,38.5
2022-05-17T00:00:00.000Z,23.5,59.4,39.0,35.4,43.6
2022-05-18T00:00:00.000Z,30.9,70.5,39.9,37.1,41.5
2022-05-19T00:00:00.000Z,32.7,139.3,43.6,41.1,46.1
2022-05-20T00:00:00.000Z,31.2,63.2,43.4,36.85,45.4
2022-05-21T00:00:00.000Z,36.3,64.8,49.6,45.5,54.4
2022-05-22T00:00:00.000Z,1.0,64.8,24.1,18.3,33.85
2022-05-23T00:00:00.000Z,2.6,46.1,16.7,11.05,21.2
2022-05-24T00:00:00.000Z,12.2,59.7,37.29,31.45,42.3
2022-05-25T00:00:00.000Z,28.4,72.7,52.1,43.35,56.4
2022-05-26T00:00:00.000Z,17.5,70.4,43.6,31.0,47.0
2022-05-27T00:00:00.000Z,41.1,58.7,49.35,44.9,55.5
2022-05-28T00:00:00.000Z,9.4,56.5,30.2,26.4,33.54
2022-05-29T00:00:00.000Z,6.9,85.7,35.35,29.0,40.4
2022-05-30T00:00:00.000Z,0.3,77.6,28.8,20.39,41.5
2022-05-31T00:00:00.000Z,24.7,61.1,42.5,36.6,46.9
2022-06-01T00:00:00.000Z,2.2,53.2,34.5,31.0,43.2
2022-06-02T00:00:00.000Z,5.5,49.1,28.7,16.8,33.7
2022-06-03T00:00:00.000Z,14.6,40.5,27.8,21.9,31.7
2022-06-04T00:00:00.000Z,17.6,50.0,35.85,26.3,40.6
2022-06-05T00:00:00.000Z,10.4,174.5,37.45,30.65,43.45
2022-06-06T00:00:00.000Z,2.2,43.7,25.5,13.4,33.6
2022-06-07T00:00:00.000Z,12.2,61.9,29.6,22.4,37.04
2022-06-08T00:00:00.000Z,1.3,638.2,35.95,18.45,44.1
2022-06-09T00:00:00.000Z,30.6,113.9,48.65,42.0,51.8
2022-06-10T00:00:00.000Z,19.8,106.5,37.85,34.95,41.6
2022-06-11T00:00:00.000Z,29.4,175.5,51.95,48.0,58.0
2022-06-12T00:00:00.000Z,18.7,298.3,42.4,37.4,46.4
2022-06-13T00:00:00.000Z,1.8,58.4,27.15,17.7,37.79
2022-06-14T00:00:00.000Z,3.7,41.0,22.1,18.0,26.9
2022-06-15T00:00:00.000Z,10.8,58.5,27.85,22.25,33.95
2022-06-16T00:00:00.000Z,6.2,42.5,15.7,11.65,20.1
2022-06-17T00:00:00.000Z,6.4,105.3,20.2,14.9,27.9
2022-06-18T00:00:00.000Z,5.7,48.3,15.55,11.4,25.5
2022-06-19T00:00:00.000Z,2.7,135.8,18.0,7.9,33.1
2022-06-20T00:00:00.000Z,3.3,151.0,26.7,11.6,37.79
2022-06-21T00:00:00.000Z,6.2,195.0,27.45,16.85,45.8
2022-06-22T00:00:00.000Z,5.1,124.5,33.0,19.2,48.9
2022-06-23T00:00:00.000Z,15.3,121.6,50.2,40.45,65.84
2022-06-24T00:00:00.000Z,8.8,46.6,30.0,20.3,35.4
2022-06-25T00:00:00.000Z,12.0,47.6,28.8,20.6,32.29
2022-06-26T00:00:00.000Z,10.5,55.7,33.45,31.15,36.25
2022-06-27T00:00:00.000Z,9.4,60.0,25.5,14.4,40.29
2022-06-28T00:00:00.000Z,17.3,67.3,33.6,23.9,41.5
2022-06-29T00:00:00.000Z,3.1,80.9,45.25,24.45,57.7
2022-06-30T00:00:00.000Z,11.8,113.3,42.2,32.0,52.65
2022-07-01T00:00:00.000Z,23.3,41.4,32.29,29.7,34.7
2022-07-02T00:00:00.000Z,5.3,82.1,21.0,15.7,30.45
2022-07-03T00:00:00.000Z,11.0,51.5,35.54,26.55,38.7
2022-07-04T00:00:00.000Z,13.6,61.2,36.29,26.9,44.2
2022-07-05T00:00:00.000Z,0.8,44.7,19.0,15.05,29.35
2022-07-06T00:00:00.000Z,5.7,84.9,41.45,13.5,52.8
2022-07-07T00:00:00.000Z,9.5,50.7,28.5,18.6,36.2
2022-07-08T00:00:00.000Z,12.0,101.9,37.7,29.2,43.9
2022-07-09T00:00:00.000Z,21.5,75.5,38.0,30.3,43.8
2022-07-10T00:00:00.000Z,17.5,63.1,36.6,31.6,40.04
2022-07-11T00:00:00.000Z,12.6,147.4,24.45,19.6,29.5
2022-07-12T00:00:00.000Z,3.0,57.9,21.25,12.5,28.35
2022-07-13T00:00:00.000Z,3.7,94.9,36.7,30.6,44.2
2022-07-14T00:00:00.000Z,0.8,80.4,16.5,10.05,25.85
2022-07-15T00:00:00.000Z,5.6,85.1,29.4,17.2,32.35
2022-07-16T00:00:00.000Z,7.7,78.4,19.6,14.0,25.5
2022-07-17T00:00:00.000Z,17.4,43.7,27.7,22.3,30.3
2022-07-18T00:00:00.000Z,0.8,49.6,27.2,10.3,37.79
2022-07-19T00:00:00.000Z,0.2,54.1,22.8,18.8,32.2
2022-07-20T00:00:00.000Z,7.4,90.5,22.7,17.5,27.75
2022-07-21T00:00:00.000Z,0.8,35.5,14.0,8.6,18.7
2022-07-22T00:00:00.000Z,4.4,52.7,20.9,12.9,31.8
2022-07-23T00:00:00.000Z,11.3,50.2,27.5,16.6,36.7
2022-07-24T00:00:00.000Z,6.8,41.6,22.0,16.8,26.9
2022-07-25T00:00:00.000Z,8.8,42.9,17.39,14.6,25.4
2022-07-26T00:00:00.000Z,13.9,43.0,28.5,23.2,32.45
2022-07-27T00:00:00.000Z,21.1,79.1,31.6,27.2,36.1
2022-07-28T00:00:00.000Z,27.6,54.1,41.8,37.5,44.0
2022-07-29T00:00:00.000Z,11.3,50.6,42.0,34.95,44.4
2022-07-30T00:00:00.000Z,6.4,128.2,37.35,23.2,42.6
2022-07-31T00:00:00.000Z,11.7,55.0,31.9,26.2,41.0
2022-08-01T00:00:00.000Z,8.4,52.6,34.0,27.55,40.85
2022-08-02T00:00:00.000Z,18.5,60.8,28.5,23.5,35.95
2022-08-03T00:00:00.000Z,22.9,59.7,30.8,27.6,37.9
2022-08-04T00:00:00.000Z,5.1,74.8,35.65,18.6,40.4
2022-08-05T00:00:00.000Z,2.1,57.2,32.79,25.95,43.7
2022-08-06T00:00:00.000Z,2.7,73.5,24.6,16.8,35.7
2022-08-07T00:00:00.000Z,14.4,60.2,33.5,22.7,43.7
2022-08-08T00:00:00.000Z,9.8,248.7,26.9,19.89,34.29
2022-08-09T00:00:00.000Z,18.3,77.0,42.4,27.2,47.95
2022-08-10T00:00:00.000Z,5.0,151.7,18.5,12.55,36.6
2022-08-11T00:00:00.000Z,0.0,48.5,14.25,7.5,21.6
2022-08-12T00:00:00.000Z,2.8,65.2,46.8,42.2,50.3
2022-08-13T00:00:00.000Z,22.9,70.5,41.1,34.9,47.9
2022-08-14T00:00:00.000Z,1.8,61.9,19.39,11.5,31.9
2022-08-15T00:00:00.000Z,13.9,61.6,33.7,27.7,40.65
2022-08-16T00:00:00.000Z,12.4,64.3,37.9,31.2,42.0
2022-08-17T00:00:00.000Z,23.4,54.2,39.0,33.2,42.95
2022-08-18T00:00:00.000Z,24.1,68.7,47.1,40.7,52.4
2022-08-19T00:00:00.000Z,1.2,103.1,48.05,34.04,57.9
2022-08-20T00:00:00.000Z,5.2,42.9,23.4,13.8,31.9
2022-08-21T00:00:00.000Z,0.8,115.9,10.7,6.2,19.3
2022-08-22T00:00:00.000Z,7.7,54.7,25.8,10.4,31.9
2022-08-23T00:00:00.000Z,16.6,76.7,40.29,34.7,44.7
2022-08-24T00:00:00.000Z,39.9,96.7,59.7,49.8,68.2
2022-08-25T00:00:00.000Z,1.2,56.4,14.5,10.2,25.8
2022-08-26T00:00:00.000Z,4.2,37.8,18.55,9.7,22.6
2022-08-27T00:00:00.000Z,5.8,37.4,23.3,18.4,28.3
2022-08-28T00:00:00.000Z,12.7,39.9,24.1,17.0,32.7
2022-08-29T00:00:00.000Z,10.3,68.6,25.7,17.1,29.2
2022-08-30T00:00:00.000Z,11.1,52.2,19.6,15.3,27.1
2022-08-31T00:00:00.000Z,23.6,91.7,36.2,32.4,46.5
2022-09-01T00:00:00.000Z,22.0,99.1,41.8,31.4,52.4
2022-09-02T00:00:00.000Z,30.2,71.3,46.8,35.0,53.6
2022-09-03T00:00:00.000Z,43.4,67.0,50.6,48.5,52.4
2022-09-04T00:00:00.000Z,22.3,50.4,32.3,27.9,37.2
2022-09-05T00:00:00.000Z,21.6,203.7,43.4,31.5,56.3
2022-09-06T00:00:00.000Z,28.7,98.7,45.75,38.4,56.2
2022-09-07T00:00:00.000Z,7.5,96.2,52.1,46.8,61.3
2022-09-08T00:00:00.000Z,3.5,72.2,28.4,17.4,37.3
2022-09-09T00:00:00.000Z,19.0,64.2,47.6,41.7,49.7
2022-09-10T00:00:00.000Z,25.3,57.0,44.5,39.0,46.7
2022-09-11T00:00:00.000Z,8.7,53.8,36.1,30.9,42.7
2022-09-12T00:00:00.000Z,25.7,61.8,44.3,34.45,50.5
2022-09-13T00:00:00.000Z,38.3,115.9,69.7,48.2,82.15
2022-09-14T00:00:00.000Z,43.2,94.7,50.7,47.6,75.8
2022-09-15T00:00:00.000Z,34.4,57.6,46.7,43.95,49.1
2022-09-16T00:00:00.000Z,2.8,85.2,44.6,38.9,52.5
2022-09-17T00:00:00.000Z,9.2,125.6,43.4,38.4,51.6
2022-09-18T00:00:00.000Z,22.5,109.8,38.4,29.7,51.5
2022-09-19T00:00:00.000Z,28.5,131.6,51.0,38.1,59.3
2022-09-20T00:00:00.000Z,10.4,85.1,47.8,42.7,57.75
2022-09-21T00:00:00.000Z,39.3,87.1,53.1,49.1,60.3
2022-09-22T00:00:00.000Z,14.6,73.6,34.79,26.95,51.5
2022-09-23T00:00:00.000Z,28.6,60.1,46.8,37.75,50.35
2022-09-24T00:00:00.000Z,37.5,87.1,48.7,47.1,54.6
2022-09-25T00:00:00.000Z,37.2,78.4,50.85,45.8,57.2
2022-09-26T00:00:00.000Z,43.1,183.7,72.7,51.2,117.1
2022-09-27T00:00:00.000Z,49.6,214.3,73.8,57.3,113.8
2022-09-28T00:00:00.000Z,45.4,113.8,72.4,66.6,78.6
2022-09-29T00:00:00.000Z,25.8,84.9,45.45,38.6,55.6
2022-09-30T00:00:00.000Z,5.9,105.4,34.1,24.0,40.7
2022-10-01T00:00:00.000Z,0.8,43.9,15.5,9.8,24.4
2022-10-02T00:00:00.000Z,2.9,96.2,23.7,11.8,44.4
2022-10-03T00:00:00.000Z,20.4,90.1,53.5,32.5,60.9
2022-10-04T00:00:00.000Z,27.1,91.6,41.95,36.5,49.9
2022-10-05T00:00:00.000Z,34.2,94.4,43.0,39.35,50.2
2022-10-06T00:00:00.000Z,16.9,110.3,54.5,46.4,65.4
2022-10-07T00:00:00.000Z,13.6,231.2,45.1,34.5,56.9
2022-10-08T00:00:00.000Z,30.6,149.4,46.4,42.3,52.25
2022-10-09T00:00:00.000Z,6.7,55.0,14.1,9.9,42.3
2022-10-10T00:00:00.000Z,11.7,58.2,30.45,16.8,44.1
2022-10-11T00:00:00.000Z,17.4,157.0,43.9,27.0,77.4
2022-10-12T00:00:00.000Z,20.6,107.2,50.1,33.1,56.15
2022-10-13T00:00:00.000Z,29.8,296.3,86.1,47.0,122.3
2022-10-14T00:00:00.000Z,30.7,231.5,77.3,40.8,115.6
2022-10-15T00:00:00.000Z,35.9,260.8,84.1,39.6,132.44
2022-10-16T00:00:00.000Z,35.0,139.2,60.7,41.5,87.1
2022-10-17T00:00:00.000Z,34.4,142.3,62.0,42.65,101.55
2022-10-18T00:00:00.000Z,43.7,105.3,53.5,46.0,68.8
2022-10-21T00:00:00.000Z,29.2,59.1,44.2,41.8,48.6
2022-10-22T00:00:00.000Z,30.1,235.2,56.2,38.1,98.9
2022-10-23T00:00:00.000Z,34.8,168.1,64.7,42.95,128.35
2022-10-24T00:00:00.000Z,39.3,166.6,74.0,59.9,101.9
2022-10-25T00:00:00.000Z,47.2,134.0,78.8,70.75,85.35
2022-10-26T00:00:00.000Z,13.8,122.7,37.9,24.3,49.6
2022-10-27T00:00:00.000Z,12.1,31.5,19.1,16.6,22.0
2022-10-28T00:00:00.000Z,13.7,71.5,36.8,24.9,44.6
2022-10-29T00:00:00.000Z,29.7,98.4,64.2,37.79,73.15
2022-10-30T00:00:00.000Z,12.9,63.8,28.5,24.1,41.6
2022-10-31T00:00:00.000Z,6.0,35.6,15.7,10.05,19.1
2022-11-01T00:00:00.000Z,11.1,162.2,51.3,23.6,97.7
2022-11-02T00:00:00.000Z,26.3,167.3,89.2,39.5,121.4
2022-11-03T00:00:00.000Z,35.3,259.4,111.4,87.75,144.75
2022-11-04T00:00:00.000Z,39.7,210.3,70.5,58.55,85.15
2022-11-05T00:00:00.000Z,43.4,133.4,59.6,50.55,69.9
2022-11-06T00:00:00.000Z,47.2,133.2,79.7,61.7,93.4
2022-11-07T00:00:00.000Z,31.9,158.1,80.0,69.6,107.7
2022-11-08T00:00:00.000Z,53.7,158.5,86.5,75.5,107.9
2022-11-09T00:00:00.000Z,36.4,144.2,69.7,45.5,80.7
2022-11-10T00:00:00.000Z,45.7,139.7,78.3,60.8,95.3
2022-11-11T00:00:00.000Z,28.5,74.6,47.1,39.7,56.5
2022-11-12T00:00:00.000Z,28.5,77.7,42.35,37.2,46.3
2022-11-13T00:00:00.000Z,30.1,101.7,48.1,38.8,58.4
2022-11-14T00:00:00.000Z,34.2,128.0,48.95,45.4,56.45
2022-11-15T00:00:00.000Z,24.3,73.4,43.3,37.4,49.9
2022-11-16T00:00:00.000Z,10.9,76.6,35.6,28.8,41.9
2022-11-17T00:00:00.000Z,8.8,61.5,32.7,25.2,40.0
2022-11-18T00:00:00.000Z,21.1,52.8,34.0,29.3,39.0
2022-11-19T00:00:00.000Z,24.2,57.0,35.5,31.9,38.9
2022-11-20T00:00:00.000Z,30.7,130.0,49.25,42.6,56.3
2022-11-21T00:00:00.000Z,34.7,179.3,77.75,46.0,102.3
2022-11-22T00:00:00.000Z,42.0,232.3,84.65,58.3,113.15
2022-11-23T00:00:00.000Z,28.1,130.7,52.4,43.8,65.09
2022-11-24T00:00:00.000Z,16.4,270.2,31.9,27.5,36.4
2022-11-25T00:00:00.000Z,33.4,269.7,50.9,47.5,60.6
2022-11-26T00:00:00.000Z,27.0,216.6,47.1,43.5,56.3
2022-11-27T00:00:00.000Z,13.2,42.8,21.4,17.2,28.15
2022-11-28T00:00:00.000Z,24.9,261.2,36.5,32.6,40.54
2022-11-29T00:00:00.000Z,27.6,50.0,38.4,33.45,42.2
2022-11-30T00:00:00.000Z,5.4,51.0,24.2,14.15,35.2
2022-12-01T00:00:00.000Z,2.6,36.9,12.4,7.1,15.0
2022-12-02T00:00:00.000Z,13.5,207.3,40.9,26.1,55.8
2022-12-03T00:00:00.000Z,31.0,117.9,65.6,49.9,77.59
2022-12-04T00:00:00.000Z,6.3,147.3,33.0,22.2,36.5
2022-12-05T00:00:00.000Z,8.1,318.0,46.7,23.1,59.6
2022-12-06T00:00:00.000Z,38.3,182.5,86.05,53.4,118.4
2022-12-07T00:00:00.000Z,59.3,148.0,72.7,66.2,84.0
2022-12-08T00:00:00.000Z,45.7,226.5,56.45,53.9,59.8
2022-12-09T00:00:00.000Z,50.5,160.0,68.95,56.2,86.95
2022-12-10T00:00:00.000Z,52.4,106.3,67.7,57.6,82.15
2022-12-11T00:00:00.000Z,54.8,173.4,80.59,59.1,96.7
2022-12-12T00:00:00.000Z,50.7,225.5,89.3,59.9,121.85
2022-12-13T00:00:00.000Z,51.6,748.5,77.55,59.0,98.8
2022-12-14T00:00:00.000Z,50.0,245.9,88.7,57.4,142.1
2022-12-15T00:00:00.000Z,58.6,400.7,103.3,81.7,128.69
2022-12-16T00:00:00.000Z,56.6,440.0,132.69,94.5,199.7
2022-12-17T00:00:00.000Z,28.0,81.6,49.0,35.6,55.1
2022-12-18T00:00:00.000Z,28.5,201.0,62.1,43.4,94.4
2022-12-19T00:00:00.000Z,53.5,189.8,75.59,61.55,100.25
2022-12-20T00:00:00.000Z,61.5,237.5,135.1,88.6,170.6
2022-12-21T00:00:00.000Z,56.3,289.3,106.15,83.4,175.2
2022-12-22T00:00:00.000Z,55.5,191.6,84.0,74.59,113.0
2022-12-23T00:00:00.000Z,36.4,191.9,59.3,51.45,77.95
2022-12-24T00:00:00.000Z,52.4,174.2,78.59,70.4,91.3
2022-12-25T00:00:00.000Z,45.8,222.1,67.09,55.5,76.09
2022-12-26T00:00:00.000Z,62.2,219.2,127.05,86.75,152.15
2022-12-27T00:00:00.000Z,34.3,107.6,59.5,54.7,64.4
2022-12-28T00:00:00.000Z,21.5,135.1,34.5,29.05,59.6
2022-12-29T00:00:00.000Z,42.6,171.4,50.7,47.5,53.9
2022-12-30T00:00:00.000Z,41.7,150.8,63.2,49.2,73.9
2022-12-31T00:00:00.000Z,54.3,226.6,72.15,59.95,132.15
2023-01-01T00:00:00.000Z,50.5,223.6,106.2,60.1,137.5
2023-01-02T00:00:00.000Z,48.3,155.5,67.34,60.0,83.2
2023-01-03T00:00:00.000Z,51.9,166.9,91.55,62.2,110.8
2023-01-04T00:00:00.000Z,57.6,160.9,91.2,79.5,102.3
2023-01-05T00:00:00.000Z,51.9,113.3,67.15,57.45,86.3
2023-01-06T00:00:00.000Z,44.3,86.6,54.2,50.25,65.1
2023-01-07T00:00:00.000Z,50.9,313.3,101.95,70.3,193.0
2023-01-08T00:00:00.000Z,66.7,166.7,104.55,85.95,122.3
2023-01-09T00:00:00.000Z,79.7,332.1,148.25,135.8,161.8
2023-01-10T00:00:00.000Z,62.5,220.3,102.6,89.25,154.19
2023-01-11T00:00:00.000Z,33.5,119.0,64.4,45.7,74.34
2023-01-12T00:00:00.000Z,37.1,127.9,51.7,47.75,57.35
2023-01-13T00:00:00.000Z,36.0,292.2,59.3,53.4,70.09
2023-01-14T00:00:00.000Z,49.2,176.0,68.3,59.75,107.75
2023-01-15T00:00:00.000Z,20.2,338.6,39.1,26.7,47.8
2023-01-16T00:00:00.000Z,22.7,77.5,50.0,43.0,54.8
2023-01-17T00:00:00.000Z,51.4,151.4,62.15,56.4,71.3
2023-01-18T00:00:00.000Z,50.8,190.5,71.7,55.1,118.95
2023-01-19T00:00:00.000Z,193.5,210.3,203.45,197.85,209.6
2023-01-26T00:00:00.000Z,51.6,210.1,85.4,62.75,98.5
2023-01-27T00:00:00.000Z,43.0,91.9,59.7,56.2,63.6
2023-01-28T00:00:00.000Z,40.2,123.6,63.0,47.65,86.55
2023-01-29T00:00:00.000Z,48.9,215.2,109.8,60.4,149.5
2023-01-30T00:00:00.000Z,63.5,247.1,123.1,89.8,142.19
2023-01-31T00:00:00.000Z,46.3,142.3,71.8,60.5,82.7
2023-02-01T00:00:00.000Z,45.6,129.2,63.8,55.5,88.75
2023-02-02T00:00:00.000Z,47.6,267.6,69.09,58.8,152.8
2023-02-03T00:00:00.000Z,25.7,76.8,40.4,35.9,45.8
2023-02-04T00:00:00.000Z,25.8,90.5,49.2,44.4,60.0
2023-02-05T00:00:00.000Z,12.2,58.8,43.25,34.4,46.5
2023-02-06T00:00:00.000Z,30.1,68.1,46.3,40.7,52.2
2023-02-07T00:00:00.000Z,22.7,110.2,43.8,37.6,48.0
2023-02-08T00:00:00.000Z,20.1,56.3,37.29,31.3,46.6
2023-02-09T00:00:00.000Z,27.3,55.2,41.7,38.35,45.1
2023-02-10T00:00:00.000Z,21.7,61.9,44.1,40.65,50.5
2023-02-11T00:00:00.000Z,32.0,57.4,45.45,41.8,48.5
2023-02-12T00:00:00.000Z,44.0,74.9,55.6,51.5,61.3
2023-02-13T00:00:00.000Z,35.4,243.9,50.2,43.8,64.0
2023-02-14T00:00:00.000Z,35.2,204.8,45.2,41.0,52.0
2023-02-15T00:00:00.000Z,42.4,142.0,52.45,49.2,56.6
2023-02-16T00:00:00.000Z,56.8,112.1,78.95,65.45,88.35
2023-02-17T00:00:00.000Z,51.6,165.0,106.05,68.55,134.1
2023-02-18T00:00:00.000Z,48.2,140.0,60.7,55.7,76.4
2023-02-19T00:00:00.000Z,42.5,294.3,65.9,47.3,93.2
2023-02-20T00:00:00.000Z,48.9,375.1,74.75,65.4,84.4
2023-02-21T00:00:00.000Z,40.1,93.5,69.95,51.1,79.5
2023-02-22T00:00:00.000Z,36.2,92.4,48.5,43.1,50.7
2023-02-23T00:00:00.000Z,40.8,87.3,48.6,46.3,51.7
2023-02-24T00:00:00.000Z,21.8,95.3,36.2,33.45,53.55
2023-02-25T00:00:00.000Z,23.3,168.5,50.3,31.45,58.0
2023-02-26T00:00:00.000Z,45.9,113.3,58.1,50.8,71.05
2023-02-27T00:00:00.000Z,60.7,130.7,77.4,69.7,85.9
2023-02-28T00:00:00.000Z,52.2,97.5,63.5,57.8,69.9
2023-03-01T00:00:00.000Z,50.0,204.9,82.7,71.9,141.8
2023-03-02T00:00:00.000Z,74.0,176.4,106.5,99.2,117.1
2023-03-03T00:00:00.000Z,45.6,170.1,79.7,71.3,95.0
2023-03-04T00:00:00.000Z,43.8,135.6,66.6,56.9,89.25
2023-03-05T00:00:00.000Z,85.6,147.7,107.0,100.5,112.2
2023-03-06T00:00:00.000Z,41.6,113.4,61.0,49.3,80.0
2023-03-07T00:00:00.000Z,44.4,92.1,55.7,52.65,58.5
2023-03-08T00:00:00.000Z,36.9,216.0,59.05,51.7,106.2
2023-03-09T00:00:00.000Z,53.7,196.7,116.0,73.45,158.44
2023-03-10T00:00:00.000Z,41.3,155.0,74.09,53.8,95.3
2023-03-11T00:00:00.000Z,43.1,149.3,65.2,55.85,76.45
2023-03-12T00:00:00.000Z,15.2,120.0,72.3,23.6,87.7
2023-03-13T00:00:00.000Z,24.0,120.0,50.15,38.9,67.5
2023-03-14T00:00:00.000Z,40.5,89.6,64.45,52.85,70.9
2023-03-15T00:00:00.000Z,40.5,110.8,58.95,48.6,66.0
2023-03-16T00:00:00.000Z,24.0,57.6,43.1,34.6,46.2
2023-03-17T00:00:00.000Z,32.7,110.6,43.2,40.79,45.4
2023-03-18T00:00:00.000Z,34.2,77.8,48.5,46.0,52.8
2023-03-19T00:00:00.000Z,23.9,55.0,33.29,29.9,38.8
2023-03-20T00:00:00.000Z,41.4,83.4,50.4,47.6,52.1
2023-03-21T00:00:00.000Z,50.6,89.9,65.59,61.2,73.05
2023-03-22T00:00:00.000Z,51.2,123.6,60.7,55.6,82.5
2023-03-23T00:00:00.000Z,51.8,432.6,68.2,59.8,88.9
2023-03-24T00:00:00.000Z,42.4,456.5,49.95,46.9,80.25
2023-03-25T00:00:00.000Z,17.8,250.3,50.25,38.4,57.25
2023-03-26T00:00:00.000Z,14.0,60.9,38.4,23.5,47.1
2023-03-27T00:00:00.000Z,7.8,570.5,30.2,16.3,35.9
2023-03-28T00:00:00.000Z,13.4,113.4,42.4,35.7,49.65
2023-03-29T00:00:00.000Z,18.6,321.4,44.2,39.0,48.9
2023-03-30T00:00:00.000Z,26.8,250.2,66.55,45.0,79.3
2023-03-31T00:00:00.000Z,29.0,547.1,57.2,47.0,81.84
2023-04-01T00:00:00.000Z,33.9,240.9,51.0,45.1,59.7
2023-04-02T00:00:00.000Z,35.9,140.4,48.2,45.8,52.9
2023-04-03T00:00:00.000Z,40.8,191.7,47.5,45.1,52.6
2023-04-04T00:00:00.000Z,44.5,229.2,53.65,47.7,68.3
2023-04-05T00:00:00.000Z,48.3,212.2,61.9,53.8,84.85
2023-04-06T00:00:00.000Z,23.7,290.8,56.6,50.55,83.05
2023-04-07T00:00:00.000Z,29.5,226.8,58.85,48.3,69.2
2023-04-08T00:00:00.000Z,37.2,101.4,47.4,43.3,50.5
2023-04-09T00:00:00.000Z,42.2,503.1,58.4,51.4,77.7
2023-04-10T00:00:00.000Z,46.8,123.9,76.09,63.4,90.3
2023-04-11T00:00:00.000Z,21.7,111.0,59.6,40.45,72.1
2023-04-12T00:00:00.000Z,29.3,74.4,49.7,43.35,52.6
2023-04-13T00:00:00.000Z,27.5,59.6,43.7,40.29,47.7
2023-04-14T00:00:00.000Z,36.4,313.6,51.9,47.5,54.9
2023-04-15T00:00:00.000Z,42.9,92.6,60.75,52.1,68.9
2023-04-16T00:00:00.000Z,34.3,289.9,53.1,47.8,69.4
2023-04-17T00:00:00.000Z,38.7,81.4,48.65,45.35,52.9
2023-04-18T00:00:00.000Z,43.2,92.3,50.65,47.0,54.35
2023-04-19T00:00:00.000Z,43.0,178.0,54.65,49.6,70.05
2023-04-20T00:00:00.000Z,48.0,127.1,58.1,51.8,70.0
2023-04-21T00:00:00.000Z,48.8,215.6,69.09,56.3,80.55
2023-04-22T00:00:00.000Z,42.8,63.9,48.6,46.7,51.1
2023-04-23T00:00:00.000Z,37.8,70.1,46.7,44.2,48.8
2023-04-24T00:00:00.000Z,26.7,102.2,41.6,36.95,46.2
2023-04-25T00:00:00.000Z,8.1,56.9,38.0,23.35,42.95
2023-04-26T00:00:00.000Z,17.9,267.6,53.5,38.0,73.09
2023-04-27T00:00:00.000Z,31.3,72.1,45.75,37.2,53.6
2023-04-28T00:00:00.000Z,8.3,170.6,32.5,28.5,35.5
2023-04-29T00:00:00.000Z,4.7,40.9,20.55,12.6,29.8
2023-04-30T00:00:00.000Z,14.1,94.5,37.1,21.8,43.2
2023-05-01T00:00:00.000Z,26.6,55.0,36.8,33.1,40.9
2023-05-02T00:00:00.000Z,18.8,51.6,37.7,26.8,46.2
2023-05-03T00:00:00.000Z,19.3,41.0,28.4,26.0,32.1
2023-05-04T00:00:00.000Z,34.3,52.7,42.0,39.5,44.5
2023-05-05T00:00:00.000Z,38.9,55.6,46.9,45.05,48.9
2023-05-06T00:00:00.000Z,36.9,66.8,48.6,41.1,56.6
2023-05-07T00:00:00.000Z,5.6,72.9,45.2,39.0,49.9
2023-05-08T00:00:00.000Z,24.1,77.4,34.2,31.0,39.0
2023-05-09T00:00:00.000Z,30.6,113.4,45.2,41.4,53.0
2023-05-10T00:00:00.000Z,12.5,47.2,30.5,26.2,35.7
2023-05-11T00:00:00.000Z,6.3,36.4,17.2,14.3,23.1
2023-05-12T00:00:00.000Z,9.4,46.8,15.15,13.2,21.35
2023-05-13T00:00:00.000Z,12.0,59.8,25.5,18.3,32.9
